"KOD","USTAV","FAKULTA","PRIJMENI","JMENO","TITULPRED","TITULZA"
"59496","32-KSVI","11320",Šefl,Vít,Mgr.,
"11811","32-KDF","11320",Pavelková,Isabella,doc. PhDr.,CSc.
"58753","32-KJP","11320",Šafařík,Luděk,RNDr. Mgr.,
"16590","32-KTV","11320",Kozák,Martin,Mgr.,
"16457","32-KDM","11320",Moravcová,Vlasta,RNDr.,Ph.D.
"17076","32-KMF","11320",Kylián,Ondřej,doc. RNDr.,Ph.D.
"14271","32-KNM","11320",Tichý,Petr,doc. RNDr.,Ph.D.
"15807","32-UFAL","11320",Popel,Martin,Mgr.,Ph.D.
"17787","32-KDM","11320",Halas,Zdeněk,Mgr.,"DiS., Ph.D."
"14650","32-KTIML","11320",Pilát,Martin,doc. Mgr.,Ph.D.
"16394","32-KSVI","11320",Korvasová,Karolína,,"M.Sc., Dr. rer. nat."
"13759","32-KPMS","11320",Dvořák,Jiří,doc. RNDr.,Ph.D.
"16584","32-KTIML","11320",Bulín,Jakub,RNDr.,Ph.D.
"16878","32-KSVI","11320",Wilkie,Alexander,prof. Dr. techn.,
"14124","32-UFAL","11320",Straková,Jana,RNDr.,Ph.D.
"11364","32-KNM","11320",Najzar,Karel,doc. RNDr.,CSc.
"11369","32-KSVI","11320",Mráz,František,RNDr.,CSc.
"11370","32-FUUK","11320",Moravec,Pavel,doc. RNDr.,CSc.
"11380","32-KPMS","11320",Mazurová,Lucie,RNDr.,Ph.D.
"12480","32-KNM","11320",Kofroň,Josef,doc. RNDr.,CSc.
"13240","32-KSVI","11320",Blažek,Jan,RNDr.,Ph.D.
"10875","32-UFAL","11320",Straka,Milan,RNDr.,Ph.D.
"10876","32-UFAL","11320",Bojar,Ondřej,doc. RNDr.,Ph.D.
"13003","32-KNM","11320",Kučera,Václav,doc. RNDr.,Ph.D.
"12149","32-AUUK","11320",Ehlerová,Soňa,RNDr.,Ph.D.
"12150","32-AUUK","11320",Šubr,Ladislav,doc. RNDr.,Ph.D.
"12486","32-KAM","11320",Klazar,Martin,doc. RNDr.,Dr.
"12491","32-KDM","11320",Kašpar,Jan,RNDr.,CSc.
"13037","32-KDSS","11320",Kára,Jan,RNDr.,Ph.D.
"11664","32-KDM","11320",Slavík,Antonín,doc. RNDr.,Ph.D.
"11668","32-KNM","11320",Hnětynková,Iveta,doc. RNDr.,Ph.D.
"11671","32-KTV","11320",Brož,Jaroslav,Mgr.,
"13104","32-UCJF","11320",Kolesár,Marián,Mgr.,Ph.D.
"11037","32-KSVI","11320",Bílý,Tomáš,Mgr.,
"12180","32-KFKL","11320",Turek,Ilja,doc. RNDr.,DrSc.
"12426","32-KAM","11320",Loebl,Martin,prof. RNDr.,CSc.
"12428","32-MUUK","11320",Lávička,Roman,doc. RNDr.,Ph.D.
"12434","32-KA","11320",Kůrka,Petr,prof. RNDr.,CSc.
"11040","32-UFAL","11320",Pecina,Pavel,doc. RNDr.,Ph.D.
"11063","32-IUUK","11320",Koucký,Michal,prof. Mgr.,Ph.D.
"11067","32-UFAL","11320",Mírovský,Jiří,RNDr.,Ph.D.
"11075","32-KDF","11320",Koupilová,Zdeňka,RNDr.,Ph.D.
"12356","32-UFAL","11320",Zeman,Daniel,RNDr.,Ph.D.
"12437","32-KFPP","11320",Kudrna,Pavel,doc. Mgr.,Dr.
"12439","32-KAM","11320",Kučera,Luděk,prof. RNDr.,DrSc.
"12442","32-UFAL","11320",Kuboň,Vladislav,doc. RNDr.,Ph.D.
"12460","32-KAM","11320",Kratochvíl,Jan,prof. RNDr.,CSc.
"12463","32-KA","11320",Krajíček,Jan,prof. RNDr.,DrSc.
"12465","32-MUUK","11320",Kowalski,Oldřich,prof. RNDr.,DrSc.
"12466","32-KDSS","11320",Koubková,Alena,RNDr.,CSc.
"12947","32-KDM","11320",Bečvář,Jindřich,doc. RNDr.,CSc.
"12948","32-KTIML","11320",Hric,Jan,RNDr.,
"11500","32-KNM","11320",Felcman,Jiří,doc. RNDr.,CSc.
"11510","32-KVOF","11320",Gabriel,Petr,RNDr.,Ph.D.
"11518","32-KPMS","11320",Hlávka,Zdeněk,doc. RNDr.,Ph.D.
"12098","32-KPMS","11320",Kopa,Miloš,doc. RNDr. Ing.,Ph.D.
"12117","32-KAM","11320",Hubička,Jan,doc. Mgr.,Ph.D.
"12129","32-KA","11320",Příhoda,Pavel,doc. Mgr.,Ph.D.
"12130","32-KA","11320",Růžička,Pavel,doc. Mgr.,Ph.D.
"11567","32-KJP","11320",Hořká,Zuzana,Mgr.,
"11572","32-KA","11320",Holub,Štěpán,doc. Mgr.,Ph.D.
"12657","32-KSI","11320",Hoksza,David,doc. RNDr.,Ph.D.
"11272","32-KSI","11320",Holubová,Irena,doc. RNDr.,Ph.D.
"11275","32-UFAL","11320",Žabokrtský,Zdeněk,prof. Ing.,Ph.D.
"11278","32-SISAL","11320",Yaghob,Jakub,RNDr.,Ph.D.
"11279","32-IUUK","11320",Kantor,Ida,,"M.Sc., Ph.D."
"11282","32-KSVI","11320",Pergel,Martin,RNDr.,Ph.D.
"11286","32-IUUK","11320",Dvořák,Zdeněk,prof. Mgr.,Ph.D.
"11288","32-KDSS","11320",Kofroň,Jan,doc. RNDr.,Ph.D.
"11291","32-KAM","11320",Hladík,Milan,prof. Mgr.,Ph.D.
"11293","32-KA","11320",Barto,Libor,prof. Mgr.,Ph.D.
"11300","32-FUUK","11320",Veis,Martin,RNDr.,Ph.D.
"11302","32-KTIML","11320",Kučera,Petr,RNDr.,Ph.D.
"11303","32-FUUK","11320",Lipavský,Pavel,prof.,CSc.
"11306","32-IUUK","11320",Pangrác,Ondřej,RNDr.,Ph.D.
"11467","32-MUUK","11320",Souček,Vladimír,prof. RNDr.,DrSc.
"11469","32-MUUK","11320",Somberg,Petr,doc. RNDr.,Ph.D.
"11471","32-KFPP","11320",Sobotík,Pavel,doc. RNDr.,CSc.
"11476","32-KFNT","11320",Skrbek,Ladislav,prof. RNDr.,DrSc.
"11910","32-KA","11320",Marković,Petar,,
"11914","32-KDM","11320",Staněk,Jakub,RNDr.,Ph.D.
"13439","32-KFM","11320",Mathis,Kristián,prof. RNDr.,"Ph.D., DrSc."
"13232","32-UFAL","11320",Týnovský,Miroslav,Mgr.,
"11337","32-KFKL","11320",Kužel,Radomír,prof. RNDr.,CSc.
"12969","32-KFM","11320",Trojanová,Zuzanka,prof. RNDr.,DrSc.
"11347","32-KMF","11320",Biederman,Hynek,prof. RNDr.,DrSc.
"11354","32-IUUK","11320",Sgall,Jiří,prof. RNDr.,DrSc.
"11406","32-KAM","11320",Valtr,Pavel,doc. RNDr.,Dr.
"11412","32-KJP","11320",Vachalovská,Lenka,PhDr.,CSc.
"11420","32-KA","11320",Tůma,Jiří,doc. RNDr.,DrSc.
"11422","32-MUUK","11320",Trnková,Věra,prof. RNDr.,DrSc.
"12975","32-UFAL","11320",Hajič,Jan,prof. RNDr.,Dr.
"11239","32-KTV","11320",Jaroš,Tomáš,Mgr.,
"11426","32-KMF","11320",Toušková,Jana,doc. RNDr.,CSc.
"12674","32-KMF","11320",Toušek,Jiří,doc. RNDr.,CSc.
"11433","32-KSVI","11320",Forstová,Lenka,Mgr.,
"11438","32-KFNT","11320",Štěpánková,Helena,prof. RNDr.,CSc.
"11447","32-KFM","11320",Šíma,Vladimír,prof. RNDr.,CSc.
"11727","32-UCJF","11320",Stránský,Pavel,Mgr.,Ph.D.
"11310","32-UFAL","11320",Lopatková,Markéta,doc. RNDr.,Ph.D.
"12755","32-KTIML","11320",Vomlelová,Marta,Mgr.,Ph.D.
"11319","32-STUD","11320",Čapková,Pavla,prof. RNDr.,DrSc.
"11320","32-KFPP","11320",Přech,Lubomír,doc. RNDr.,Dr.
"11324","32-KSVI","11320",Holan,Tomáš,RNDr.,Ph.D.
"12964","32-UFAL","11320",Peterek,Nino,Mgr.,Ph.D.
"11327","32-UCJF","11320",Cejnar,Pavel,prof. RNDr.,"Dr., DSc."
"11328","32-KTIML","11320",Mrázová,Iveta,doc. RNDr.,CSc.
"11329","32-KSVI","11320",Töpfer,Pavel,doc. RNDr.,CSc.
"11757","32-KFNT","11320",Rotter,Miloš,doc. RNDr.,CSc.
"11804","32-KSVI","11320",Pelikán,Josef,RNDr.,
"11815","32-AUUK","11320",Palouš,Jan,prof. RNDr.,DrSc.
"12690","32-UTF","11320",Obdržálek,Jan,doc. RNDr.,CSc.
"11822","32-KTIML","11320",Obdržálek,David,RNDr.,Ph.D.
"12531","32-UFAL","11320",Straňák,Pavel,Mgr. Bc.,Ph.D.
"11618","32-KSI","11320",Bednárek,David,RNDr.,Ph.D.
"11622","32-KTIML","11320",Barták,Roman,prof. RNDr.,Ph.D.
"11626","32-KPMS","11320",Antoch,Jaromír,prof. RNDr.,CSc.
"13860","32-KSVI","11320",Gemrot,Jakub,Mgr.,Ph.D.
"12939","32-KMF","11320",Shukurov,Andrey,prof. Ing.,Ph.D.
"11152","32-KTV","11320",Vaníčková,Zuzana,Mgr.,
"11827","32-KNM","11320",Strakoš,Zdeněk,prof. Ing.,DrSc.
"12694","32-SISAL","11320",Forst,Libor,RNDr.,
"11765","32-KDM","11320",Robová,Jarmila,doc. RNDr.,CSc.
"11769","32-MUUK","11320",Rataj,Jan,prof. RNDr.,CSc.
"11774","32-KAM","11320",Pultr,Aleš,prof. RNDr.,DrSc.
"11779","32-KMF","11320",Prokeš,Jan,RNDr.,CSc.
"11635","32-KFKL","11320",Carva,Karel,doc. RNDr.,Ph.D.
"13056","32-KNM","11320",Tůma,Miroslav,prof. Ing.,CSc.
"11159","32-AUUK","11320",Wünsch,Richard,Mgr.,Ph.D.
"11793","32-KFPP","11320",Plašil,Radek,doc. RNDr.,Ph.D.
"13014","32-KAM","11320",Kolman,Petr,doc. Mgr.,Ph.D.
"12324","32-MUUK","11320",Šír,Zbyněk,doc. RNDr.,Ph.D.
"11222","32-KPMS","11320",Jurečková,Jana,prof. RNDr.,DrSc.
"11224","32-KTIML","11320",Koubek,Václav,prof. RNDr.,DrSc.
"11486","32-AUUK","11320",Wolf,Marek,doc. RNDr.,CSc.
"12945","32-KFPP","11320",Ošťádal,Ivan,prof. RNDr.,CSc.
"12511","32-UCJF","11320",Kampf,Karol,prof. RNDr.,Ph.D.
"13639","32-KAM","11320",Paták,Pavel,RNDr.,Ph.D.
"12226","32-KPMS","11320",Klebanov,Lev,prof.,DrSc.
"11547","32-SISAL","11320",Jákl,Vojtěch,RNDr.,
"11550","32-KDF","11320",Chvál,Martin,doc. PhDr.,Ph.D.
"11553","32-KFM","11320",Chmelík,František,doc. RNDr.,CSc.
"11465","32-KA","11320",Stanovský,David,doc. RNDr.,Ph.D.
"12731","32-KDM","11320",Rmoutil,Martin,RNDr.,Ph.D.
"11581","32-UFAL","11320",Vidová Hladká,Barbora,doc. Mgr.,Ph.D.
"11597","32-UFAL","11320",Hana,Jiří,RNDr.,Ph.D.
"11852","32-KNM","11320",Dolejší,Vít,prof. RNDr.,"Ph.D., DSc."
"11078","32-KFNT","11320",Chlan,Vojtěch,doc. RNDr.,Ph.D.
"12986","32-KSVI","11320",Brom,Cyril,doc. Mgr.,Ph.D.
"11862","32-UTF","11320",Čížek,Martin,doc. RNDr.,Ph.D.
"12704","32-KFNT","11320",Čížek,Jakub,prof. Mgr.,Ph.D.
"12705","32-KTIML","11320",Čepek,Ondřej,prof. RNDr.,Ph.D.
"12706","32-KFM","11320",Cieslar,Miroslav,doc. RNDr.,CSc.
"11105","32-IUUK","11320",Jelínek,Vít,doc. RNDr.,Ph.D.
"11115","32-KAM","11320",Krylová,Naděžda,RNDr.,CSc.
"10850","32-KFKL","11320",Holý,Václav,prof. RNDr.,CSc.
"12988","32-KFKL","11320",Daniš,Stanislav,doc. RNDr.,Ph.D.
"10853","32-KJP","11320",Kashdan,Jay Michael,,BA
"10854","32-KDSS","11320",Hnětynka,Petr,doc. RNDr.,Ph.D.
"10863","32-KFKL","11320",Prchal,Jiří,doc. RNDr.,Ph.D.
"10864","32-KFKL","11320",Dopita,Milan,RNDr.,Ph.D.
"12087","32-KDSS","11320",Bulej,Lubomír,doc. Ing.,Ph.D.
"12088","32-KDSS","11320",Bureš,Tomáš,prof. RNDr.,Ph.D.
"12090","32-KMA","11320",Honzík,Petr,doc. Mgr.,Ph.D.
"12406","32-KAM","11320",Mareš,Martin,Mgr.,Ph.D.
"12410","32-KDF","11320",Mandíková,Dana,RNDr.,CSc.
"12418","32-KTIML","11320",Majerech,Vladan,Mgr.,Dr.
"11599","32-KFA","11320",Halenka,Tomáš,doc. RNDr.,CSc.
"11601","32-UFAL","11320",Hajičová,Eva,prof. PhDr.,DrSc.
"11606","32-KTIML","11320",Gregor,Petr,doc. Mgr.,Ph.D.
"11610","32-KSI","11320",Bezstarosti,Pavel,Mgr.,
"10938","32-KSI","11320",Nečaský,Martin,doc. Mgr.,Ph.D.
"12997","32-KDSS","11320",Parízek,Pavel,doc. RNDr.,Ph.D.
"10963","32-KDSS","11320",Kruliš,Martin,doc. RNDr.,Ph.D.
"10725","32-KFKL","11320",Javorský,Pavel,prof. Mgr.,Dr.
"10728","32-KDM","11320",Hromadová,Jana,RNDr.,Ph.D.
"10731","32-KCHFO","11320",Zamastil,Jaroslav,doc. Mgr.,Ph.D.
"10732","32-KDSS","11320",Ježek,Pavel,Mgr.,Ph.D.
"10734","32-IUUK","11320",Šámal,Robert,doc. Mgr.,Ph.D.
"11614","32-KPMS","11320",Beneš,Viktor,prof. RNDr.,DrSc.
"11845","32-KSVI","11320",Dvořák,Tomáš,doc. RNDr.,CSc.
"11846","32-KDF","11320",Dvořák,Leoš,doc. RNDr.,CSc.
"11358","32-IUUK","11320",Nešetřil,Jaroslav,prof. RNDr.,DrSc.
"18696","32-KDSS","11320",Petříček,Tomáš,Mgr.,Ph.D.
"23675","32-KJP","11320",Ferner,Dennis,,BA
"22594","32-KSI","11320",Balcar,Štěpán,RNDr.,
"19864","32-UFAL","11320",Novák,Michal,Mgr.,Ph.D.
"22187","32-UFAL","11320",Musil,Tomáš,Mgr.,
"24934","32-KFNT","11320",Šoltésová,Mária,RNDr.,Ph.D.
"47521","32-IUUK","11320",Dvořák,Pavel,Mgr.,Ph.D.
"24426","32-KSVI","11320",Šejnoha,Jiří,Mgr.,
"70717","32-KDF","11320",Straková,Jana,doc. RNDr.,Ph.D.
"25262","32-KFNT","11320",Hruška,Petr,RNDr.,Ph.D.
"22167","32-KTIML","11320",Ivanová,Marika,Mgr.,Ph.D.
"23005","32-UFAL","11320",Hajič,Jan,Mgr.,Ph.D.
"82075","32-KDF","11320",Blaho Vitošková,Veronika,PhDr.,Ph.D.
"27386","32-UFAL","11320",Dušek,Ondřej,Mgr. et Mgr.,Ph.D.
"33844","32-KSVI","11320",Hannemann,Tereza,Mgr.,Ph.D.
"20678","32-KFNT","11320",Matoušek,Jan,Mgr.,Ph.D.
"11459","32-FUUK","11320",Strunecká,Anna,prof. RNDr.,DrSc.
"30014","32-KSI","11320",Peška,Ladislav,Mgr.,Ph.D.
"32286","32-IUUK","11320",Koutecký,Martin,Mgr.,Ph.D.
"32288","32-KDF","11320",Hruška,Viktor,Mgr. BcA.,
"12836","32-KFM","11320",Dobroň,Patrik,doc. Ing.,Ph.D.
"22464","32-IUUK","11320",Goodall,Andrew,,D.Phil.
"24712","32-KSI","11320",Svoboda,Martin,RNDr.,Ph.D.
"13461","32-KSI","11320",Lokoč,Jakub,doc. RNDr.,Ph.D.
"11103","32-KTIML","11320",Fink,Jiří,RNDr.,Ph.D.
"20791","32-KDM","11320",Škorpilová,Martina,RNDr.,Ph.D.
"11098","32-KAM","11320",Tancer,Martin,prof. RNDr.,Ph.D.
"23828","32-IUUK","11320",Veselý,Pavel,Mgr.,Ph.D.
"37575","32-KAM","11320",Ptáčková,Lenka,Mgr.,Ph.D.
"28547","32-KPMS","11320",Večeř,Jan,doc. RNDr.,Ph.D.
"17077","32-KSI","11320",Galgonek,Jakub,RNDr.,Ph.D.
"10954","32-KMA","11320",Vlasák,Václav,RNDr.,Ph.D.
"16543","32-KMA","11320",Vejnar,Benjamin,doc. Mgr.,Ph.D.
"16634","32-KSVI","11320",Šisler,Vít,doc. Mgr.,Ph.D.
"12178","32-KPMS","11320",Pawlas,Zbyněk,doc. RNDr.,Ph.D.
"13027","32-KSI","11320",Zavoral,Filip,RNDr.,Ph.D.
"13654","32-UFAL","11320",Mareček,David,RNDr.,Ph.D.
"11345","32-KPMS","11320",Lachout,Petr,doc. RNDr.,CSc.
"11441","32-FUUK","11320",Štěpánek,Josef,prof. RNDr.,CSc.
"13277","32-UFAL","11320",Cinková,Silvie,Mgr.,Ph.D.
"13359","32-KFA","11320",Huszár,Peter,doc. Mgr.,Ph.D.
"12720","32-MUUK","11320",Šmíd,Dalibor,Mgr.,Ph.D.
"12740","32-KNM","11320",Vlasák,Miloslav,RNDr.,Ph.D.
"12837","32-KFKL","11320",Horák,Lukáš,Mgr.,Ph.D.
"19441","32-KSI","11320",Klímek,Jakub,doc. RNDr.,Ph.D.
"44325","32-KSI","11320",Škoda,Petr,Mgr.,Ph.D.
"43653","32-KSI","11320",Sixtová,Ivana,Mgr.,
"44348","32-KAM","11320",Zeman,Peter,Mgr.,
"40505","32-KSVI","11320",Kolek,Lukáš,Mgr.,Ph.D.
"44334","32-IUUK","11320",Král,Karel,Mgr.,Ph.D.
"44027","32-KAM","11320",Garajová,Elif,Mgr.,Ph.D.
"43320","32-KSVI","11320",Kahoun,Martin,Mgr.,
"64280","32-KJP","11320",Steidlová,Lucie,Mgr.,Ph.D.
"48915","32-IUUK","11320",Hušek,Radek,RNDr.,Ph.D.
"47182","32-KNM","11320",Balázsová,Monika,RNDr.,Ph.D.
"48348","32-KTIML","11320",Zvirinský,Peter,RNDr.,Ph.D.
"48144","32-KJP","11320",Good,Christopher Donald,,BA
"51850","32-KAM","11320",Opler,Michal,Mgr.,Ph.D.
"47531","32-KA","11320",Bok,Jan,RNDr.,Ph.D.
"55445","32-KNM","11320",Henclová,Kateřina,RNDr.,
"57420","32-KDSS","11320",Blicha,Martin,Mgr.,Ph.D.
"57450","32-IUUK","11320",Pekárek,Jakub,Mgr.,
"54909","32-KAM","11320",Konečný,Matěj,RNDr.,Ph.D.
"80619","32-KAM","11320",Sychrovský,David,Mgr.,
"59276","32-KTIML","11320",Švancara,Jiří,RNDr.,Ph.D.
"57864","32-KAM","11320",Amemori,Josef,Mgr.,
"59264","32-KDSS","11320",Dort,Vlastimil,Mgr.,Ph.D.
"59412","32-KJP","11320",Simpson,Ryan,,BA
"58941","32-IUUK","11320",Pelikánová,Petra,Mgr.,
"60792","32-IUUK","11320",Hubáček,Pavel,Mgr.,Ph.D.
"11841","32-KFNT","11320",Englich,Jiří,prof. RNDr.,DrSc.
"12423","32-SISAL","11320",Lukeš,Dan,,
"12390","32-KJP","11320",Bubeníková,Miluša,PhDr.,Ph.D.
"62293","32-MUUK","11320",Beck,Dominik,Mgr.,
"24130","32-KPMS","11320",Kozmík,Václav,RNDr.,Ph.D.
"12728","32-KDSS","11320",Vaner,Michal,Mgr.,
"60790","32-KNM","11320",Outrata,Michal,Mgr.,Ph.D.
"12164","32-KAM","11320",Fiala,Jiří,doc. RNDr.,Ph.D.
"10885","32-KSI","11320",Skopal,Tomáš,prof. RNDr.,Ph.D.
"62774","32-KSI","11320",Faltín,Tomáš,Mgr.,Ph.D.
"12672","32-KDSS","11320",Tůma,Petr,prof. Ing.,Dr.
"61653","32-KSVI","11320",Schier,Jan,Ing.,Dr.
"27504","32-UFAL","11320",Rosa,Rudolf,Mgr.,Ph.D.
"65539","32-UFAL","11320",Macháček,Dominik,Mgr.,Ph.D.
"64940","32-KSVI","11320",Fichet,Alban Siegfried Antoine,,Ph.D.
"62433","32-KSVI","11320",Šikudová,Elena,doc. RNDr.,Ph.D.
"65502","32-KSI","11320",Stenchlák,Štěpán,Mgr.,
"66557","32-KAM","11320",Turinský,Pavel,Bc.,
"66597","32-UFAL","11320",Kyjánek,Lukáš,Mgr.,
"66681","32-IUUK","11320",Lieskovský,Matej,Mgr.,
"65297","32-KNM","11320",Vacek,Petr,RNDr.,Ph.D.
"66258","32-KDSS","11320",Khalyeyev,Danylo,Mgr.,
"66889","32-KSI","11320",Bártík,Jáchym,Mgr.,
"66661","32-IUUK","11320",Domes,Tomáš,Mgr.,
"53799","32-KAM","11320",Feldmann,Andreas Emil,doc.,Dr.
"64715","32-KAM","11320",Matějka,Josef,Mgr.,
"41632","32-KSI","11320",Husák,Robert,Mgr. Ing.,
"63264","32-KSVI","11320",Mirbauer,Martin,Mgr.,
"44350","32-KSVI","11320",Kotera,Jan,RNDr.,Ph.D.
"65461","32-KDSS","11320",Töpfer,Michal,RNDr.,
"65465","32-KAM","11320",Němeček,Viktor,Mgr.,
"69366","32-KDSS","11320",Zikmund,Radek,Mgr.,
"69372","32-KDSS","11320",Pacovský,Jan,RNDr.,
"69481","32-KSVI","11320",Nindel,Thomas Klaus,Dipl.-Ing.,Ph.D.
"70151","32-KTV","11320",Pospíšilová,Jana,Mgr.,
"69636","32-UCJF","11320",Novotný,Jakub,Mgr.,
"57723","32-KNM","11320",Vacek,Lukáš,RNDr.,
"75877","32-KTIML","11320",Macková,Kateřina,RNDr.,
"68968","32-KJP","11320",Strouhalová,Dita,Mgr.,
"70580","32-KSVI","11320",Yaghobová,Anna,Mgr.,
"68158","32-UFAL","11320",Polák,Peter,Mgr.,
"70990","32-KSVI","11320",Tázlar,Vojtěch,Mgr.,
"71311","32-KDSS","11320",Čepelík,David,Bc.,
"67236","32-KSVI","11320",Iser,Tomáš,Mgr.,Ph.D.
"68975","32-IUUK","11320",Penev,Irena,,Ph.D.
"71059","32-KTV","11320",Šafr,Milan,Mgr.,
"67202","32-KAM","11320",Skotnica,Michael,Mgr.,Ph.D.
"67205","32-KTIML","11320",Lembke,Kateřina,Bc.,
"67001","32-KSI","11320",Souček,Tomáš,Mgr.,
"70426","32-KFNT","11320",Petrov,Oleg,,Dr.
"73125","32-KNM","11320",Congreve,Scott,,Ph.D.
"71630","32-KTIML","11320",Kalábová,Nikola,Mgr.,
"72884","32-KTIML","11320",Vysušilová,Petra,Mgr.,
"72885","32-KSI","11320",Zeman,Dalibor,Mgr.,
"16918","32-KAM","11320",Klimošová,Tereza,Mgr.,Ph.D.
"25006","32-KCHFO","11320",Patkóš,Vojtěch,Mgr.,Ph.D.
"69479","32-KTIML","11320",Ondráček,Lukáš,Mgr.,
"74363","32-KNM","11320",Mikušová,Eva,RNDr.,
"45589","32-UFAL","11320",Helcl,Jindřich,Mgr.,Ph.D.
"73760","32-KTV","11320",Šodek,Pavel,Mgr.,
"13270","32-KSVI","11320",Pešková,Klára,Mgr.,Ph.D.
"71852","32-KAM","11320",Soukup,Jan,Mgr.,
"71853","32-KSVI","11320",Beneš,Jiří,Mgr.,
"71854","32-IUUK","11320",Chmel,Petr,Mgr.,
"74264","32-OPMK","11320",Kopfová,Lenka,Bc.,
"74265","32-KA","11320",Olšák,Radek,Mgr.,
"59649","32-IUUK","11320",Pokorná,Aneta,Mgr.,
"76957","32-IUUK","11320",Hons,Tomáš,Mgr.,
"46300","32-IUUK","11320",Folwarczný,Lukáš,Mgr.,
"12193","32-KAM","11320",Maxová,Jana,RNDr.,Ph.D.
"12317","32-KG","11320",Holota,Petr,,
"17677","32-KFPP","11320",Setvín,Martin,doc. Mgr.,Ph.D.
"76066","32-MUUK","11320",Vráblíková,Jana,Mgr.,
"12484","32-UFAL","11320",Klusáček,David,Mgr.,Ph.D.
"74505","32-KNM","11320",Hladilová,Lucie,Bc.,
"11563","32-MUUK","11320",Hron,Jaroslav,RNDr.,Ph.D.
"53101","32-KSI","11320",Kratochvíl,Miroslav,RNDr.,Ph.D.
"75243","32-KSVI","11320",Šimůnek,Petr,Mgr.,
"75887","32-KDSS","11320",Kabele,Vít,Mgr.,
"30353","32-KSVI","11320",Novozámský,Adam,Ing.,Ph.D.
"22941","32-KSVI","11320",Kuboň,David,Mgr.,
"74478","32-KSI","11320",Koupil,Pavel,Ing.,Ph.D.
"74693","32-KAM","11320",Kumar,Pankaj,,M.Sc.
"74699","32-KAM","11320",Bulavka,Denys,Mgr.,Ph.D.
"11180","32-KPMS","11320",Kupsa,Michal,Mgr.,
"20429","32-UTF","11320",Benda,Jakub,Mgr.,Ph.D.
"49116","32-IUUK","11320",Králová,Veronika,Mgr.,Ph.D.
"74634","32-UFAL","11320",Kasner,Zdeněk,Ing.,Ph.D.
"75925","32-KSI","11320",Mejzlík,František,Mgr.,
"32039","32-KDSS","11320",Horký,Vojtěch,Mgr.,Ph.D.
"11877","32-KTV","11320",Paulík,Marek,PhDr.,
"11108","32-KAM","11320",Kynčl,Jan,doc. Mgr.,Ph.D.
"94223","32-KDSS","11320",Fuglík,Viktor,PhDr.,Ph.D.
"77216","32-KPMS","11320",Teller,Marek,,
"78657","32-KJP","11320",Krejčová,Ela,Mgr.,Ph.D.
"78660","32-KTV","11320",Horák,Tomáš,Mgr.,
"78766","32-KSVI","11320",Starýchfojtů,Josef,Bc.,
"35912","32-KAM","11320",Seifrtová,Michaela,Mgr.,
"59229","32-KA","11320",Teššerová,Dáša,Mgr.,
"78699","32-KAM","11320",Tyomkyn,Mykhaylo,,Ph.D.
"78702","32-KSVI","11320",Cagnol,Rémy,,M.Sc.
"12345","32-KA","11320",Žemlička,Jan,doc. Mgr. et Mgr.,Ph.D.
"43541","32-UFAL","11320",Libovický,Jindřich,Mgr.,Ph.D.
"77801","32-KSVI","11320",Sýkora,Jakub,Bc.,
"78571","32-UFAL","11320",Mayer,Jiří,Mgr.,
"78034","32-KA","11320",Zindulka,Mikuláš,Mgr.,
"78171","32-KNM","11320",Šimonová,Dorota,Mgr.,
"55328","32-KMF","11320",Nikitin,Daniil,,Ph.D.
"12284","32-KFNT","11320",Lang,Jan,doc. RNDr.,Ph.D.
"11849","32-KDF","11320",Drozd,Zdeněk,doc. RNDr.,Ph.D.
"66262","32-KDSS","11320",Kliber,Filip,Mgr.,
"65641","32-KAM","11320",Konczycki,Kate,Mgr.,
"69170","32-KAM","11320",Šraier,Václav,Mgr.,
"11077","32-KTV","11320",Teplý,Jiří,Mgr.,
"64406","32-KSVI","11320",Dingle,Adam,,M.Sc.
"69076","32-KPMS","11320",Ranošová,Hedvika,Mgr.,
"37173","32-KAM","11320",Balko,Martin,doc. RNDr.,Ph.D.
"67840","32-KAM","11320",Machová,Markéta,Mgr.,
"80509","32-KSVI","11320",Filek,Jiří,Mgr.,
"12471","32-KSI","11320",Kopecký,Michal,RNDr.,Ph.D.
"80381","32-IUUK","11320",Bhattacharya,Sudatta,,M.Sc.
"80303","32-KDSS","11320",Uhlík,Jan,Mgr.,
"80975","32-KSVI","11320",Vašátko,Viktor,Mgr.,
"79287","32-KSVI","11320",Rózsa,Tibor,Ing.,
"79289","32-KAM","11320",Havelka,Jonáš,Bc. et Bc.,
"20877","32-KNM","11320",Papež,Jan,RNDr.,Ph.D.
"42629","32-KAM","11320",Tiwary,Hans Raj,doc.,"M.Sc., Ph.D."
"11620","32-FUUK","11320",Baumruk,Vladimír,prof. RNDr.,DrSc.
"11795","32-FUUK","11320",Plášek,Jaromír,prof. RNDr.,CSc.
"12725","32-UFAL","11320",Zikánová,Šárka,PhDr.,Ph.D.
"10945","32-IUUK","11320",Hartman,David,doc. Ing. et Ing.,Ph.D. et Ph.D.
"80246","32-KSVI","11320",Guba,Peter,Mgr.,
"79355","32-KDSS","11320",Šmelko,Adam,Mgr.,Ph.D.
"79361","32-KTIML","11320",Pantůčková,Kristýna,Mgr.,
"79589","32-KSI","11320",Bartoš,Michal,,
"80389","32-KSVI","11320",Karella,Tomáš,Mgr.,
"31301","32-KAM","11320",Horáček,Jaroslav,RNDr.,Ph.D.
"17187","32-KDM","11320",Surynková,Petra,RNDr.,Ph.D.
"80265","32-KTIML","11320",Mestek,Jakub,Mgr.,
"79494","32-UFAL","11320",Javorský,Dávid,Mgr.,
"68318","32-UFAL","11320",Kvapilíková,Ivana,Mgr.,Ph.D.
"80577","32-KDSS","11320",Dorčáková,Terézia,Mgr.,
"62138","32-KNM","11320",Pozza,Stefano,,"Dr., Ph.D."
"75254","32-IUUK","11320",Vu,Tung Anh,Mgr.,
"79448","32-KSVI","11320",Luňák,Václav,Bc.,
"83603","32-KDSS","11320",Abdullah,Milad Ashqi,,
"84000","32-KNM","11320",Van Buggenhout,Niel,,Ph.D.
"54720","32-KSVI","11320",Černý,Vojtěch,Mgr.,
"83260","32-KSVI","11320",Svoboda,Tomáš,Mgr.,
"84568","32-KA","11320",Ježil,Ondřej,Mgr.,
"84593","32-KAM","11320",Kucheriya,Gaurav Sunil,,M.Sc.
"83078","32-IUUK","11320",Gamboa Quintero,Guillermo Andres,,
"83709","32-KAM","11320",Grinerová,Klára,Bc.,
"83712","32-KSVI","11320",Vejbora,Martin,Mgr.,
"83713","32-KSVI","11320",Štolová,Michaela,Bc.,
"82191","32-KSI","11320",Drozdík,Tomáš,Mgr.,
"68435","32-KPMS","11320",Mizera,Ivan,prof. RNDr.,CSc.
"83183","32-KDSS","11320",Šimerda,Pavel,,
"83343","32-KSVI","11320",Liška,Martin,Mgr.,
"83910","32-IUUK","11320",Lahiri,Abhiruk,,Ph.D.
"68160","32-KSVI","11320",Antolík,Ján,Mgr.,Ph.D.
"83158","32-KSI","11320",Dokoupil,Patrik,RNDr.,
"69995","32-KAM","11320",Jedličková,Nikola,Mgr.,
"84927","32-KDSS","11320",Volf,Tomáš,,
"82682","32-KTIML","11320",Kaifer,Jan,Bc.,
"83080","32-KSVI","11320",Kleprlík,Jan,Bc.,
"83128","32-KTIML","11320",Kadlecová,Gabriela,Mgr.,
"81948","32-KSVI","11320",Tódová,Lucia,Mgr.,
"82769","32-KAM","11320",Kalvoda,Jiří,Bc.,
"82771","32-KAM","11320",Káně,Vojtěch,Bc.,
"82348","32-IUUK","11320",Mikšaník,David,Mgr.,
"82351","32-KAM","11320",Lorenc,Matyáš,Mgr.,
"85645","32-KAM","11320",Gaďurek,Vojtěch,Bc.,
"86815","32-KSVI","11320",Frantál,Jiří,Mgr.,
"85949","32-KA","11320",Narusevych,Mykyta,Mgr.,
"89594","32-KPMS","11320",Procházka,Vít,Ing.,Ph.D.
"11321","32-KDM","11320",Šarounová,Alena,PhDr.,CSc.
"87269","32-KAM","11320",Sedláček,Petr,Mgr.,
"89529","32-MUUK","11320",Blechta,Jan,Mgr.,Ph.D.
"85843","32-KSVI","11320",Günes,Nese,,M.Sc.
"88357","32-KJP","11320",Roupcová,Jana,Mgr.,MBA
"88219","32-KNM","11320",Martínek,Josef,Mgr.,
"88580","32-KDSS","11320",Klepl,Jiří,Mgr.,
"88593","32-KTIML","11320",Flídrová,Věra,RNDr.,
"86011","32-KAM","11320",Koreček,Martin,Mgr.,
"88106","32-KSVI","11320",Knotek,Jaroslav,Mgr.,
"90906","32-KAM","11320",Glišić,Jelena,Mgr.,
"92597","32-IUUK","11320",Tkadlec,Josef,Bc.,Ph.D.
"92814","32-MUUK","11320",Kotrbatý,Jan,Dr. rer. nat. Ing.,
"93278","32-KSVI","11320",Šosvald,David,Mgr.,
"90389","32-KAM","11320",Dohnalová,Barbora,Bc.,
"93282","32-KSVI","11320",Studeničová,Katarína,Ing.,
"93287","32-KSVI","11320",Čelko,Tomáš,Mgr.,
"93290","32-IUUK","11320",Sabater Rojas,Lluís,,
"10752","32-KAM","11320",Černý,Martin,RNDr.,
"93063","32-KAM","11320",Antić,Todor,Mgr.,
"92164","32-UFAL","11320",Balloccu,Simone,,Ph.D.
"97188","32-KNM","11320",Hammerbauer,Tomáš,Mgr.,
"94340","32-IUUK","11320",Zamani,Hadi,,M.Sc.
"96761","32-KAM","11320",Chudý,Vladimír,Bc.,
"96762","32-KAM","11320",Lepič,Václav,Bc.,
"94346","32-KTIML","11320",Edelkamp,Stefan,,Dr. rer. nat.
"11309","32-KTIML","11320",Neruda,Roman,Mgr.,CSc.
"96680","32-KAM","11320",Kastl,Filip,Bc.,
"96681","32-KAM","11320",Martinek,Petr,Bc.,
"97996","32-KDSS","11320",Koucký,Jakub,Bc.,
"98059","32-KDSS","11320",Brabec,Matyáš,Mgr.,
